Dejan,,Sabados,1 Oak St,,Morrisville,NJ,12590
Marija,,Studen,2 Pine Lane,,Hamburg,CT,40131
John,,Miron,44 Acorn Road,,Dereksville,NY,30201
Ivana,Fred,Kimmel,55 Squirrel Run,,Louisville,NY,43939
Jamie,,Shoen,678 Maple St,,Mountainside,CA,65435
Jim,,Schmid,7 Bell Dr,,Denville,VT,42342
Greg,,Dripps,81 Bear Ct,,Dover,MA,34562
Fred,,Reed,9 Deer Lane,,Livingston,MN,23457
Frank,,Rapaport,1001 Fox St,,Summit,NJ,99584
Alice,,Song,1210 Broadway,,Newark,NY,39302
Andrea,,Sebastian,290 Lafayette St,,Teaneck,CT,94920
Amy,Lacey,Slembrouck,28 Hamilton Road,,Tenafly,CT,14950
Ashley,,Greenberg,3 Indian Creek Lane,,Englewood,NJ,23451
Anna,,Mulcahy,209 6th St,Apt 140,New York,NJ,14350
Betty,,Quirino,102 Palisades Ave,,Englewood Cliffs,NY,23410
Beatrice,,Hall,39 Tea Tree Ct,,Palisades Park,TN,50222
Brice,,Williams,288 Old Hollow Rd,,Edgewater,TN,42023
Brandy,,Lee,39 Schoolhouse Lane,,Hoboken,TX,34021
Brian,Cranny,Seth,76 Mountain Rd,,Morristown,CA,12304
Brianne,,Feinstein,38 Sleepy Terrace,,Morris Plains,CA,23451
Candice,,Roy,7520 Kent Ave,Suite 1001,Mendham,VA,12351
Craig,,Lynch,29 Wythe Ave,,Bernardsville,CT,50623
Claire,,Deptar,239 Driggs Ave,,Gladstone,NJ,45842
Doug,Guy,Snider,601 Bedford Ave,Apartment PHN,Peapack,NY,34524
Derek,,Birchall,29 5th Ave,,Brooklyn,NY,23459